<?xml version="1.0" encoding="UTF-8" standalone="yes"?>
<addon 
	id="plugin.program.UNCODED" 
	version="1.0.4" 
	name="[COLOR darkorange]UNCODED[/COLOR] [COLOR ghostwhite]-Installer[/COLOR]" 
	provider-name="[COLOR darkgrey]nickpet3rs[/COLOR]">
  <requires>
    <import addon="xbmc.python" version="2.1.0"/>
    <import addon="repository.UNCODED" version="1.0.5" />
  </requires>

  <extension point="xbmc.python.pluginsource" library="default.py">
    <provides>executable</provides>
  </extension>

  <extension point="xbmc.service" library="startup.py" start="startup" />
  <extension point="xbmc.addon.metadata">

    <summary lang="en">[COLOR darkorange]UNCODED[/COLOR] [COLOR ghostwhite]-Installer[/COLOR]</summary>
        <description lang="en">UNCODED is the new succesor, your one stop shop for KODI to get the most favorited add-ons and repositories</description>
            <disclaimer lang="en">[COLOR darkorange]UNCODED[/COLOR] did not make all the add-ons in UNCODED repository and is in no way responsible for their content.</disclaimer>
    <platform>all</platform>
    <source>https://github.com/nickpet3rs/UNCODED/blob/master/repository.UNCODED/</source>
    <email>admin@uncoded.tv</email>
      <assets>
        <icon>icon.png</icon>
        <fanart>fanart.jpg</fanart>
        <screenshot>resources/art/screenshot-02.jpg</screenshot>
        <screenshot>resources/art/screenshot-03.jpg</screenshot>
        <screenshot>resources/art/screenshot-04.jpg</screenshot>
        <screenshot>resources/art/screenshot-05.jpg</screenshot>
        <screenshot>resources/art/screenshot-06.jpg</screenshot>
        <screenshot>resources/art/screenshot-07.jpg</screenshot>
        <screenshot>resources/art/screenshot-01.jpg</screenshot>
</assets>
<news>Initial Release</news>
</assets>
<news>One stop shop for your favorite KODI add-ons and repositories</news>
  </extension>
</addon>