<?xml version="1.0" encoding="UTF-8" standalone="yes"?>
<addon 
	id="repository.UNCODED" 
	version="1.0.2" 
	name="[B][COLOR darkorange]UNCODED[/COLOR][/B] [COLOR ghostwhite]-Repository[/COLOR] " 
	provider-name="[COLOR darkgrey]nickpet3rs[/COLOR]">

	<extension point="xbmc.addon.repository" name="UNCODED -`Github">
		<dir>
			<info compressed="false">https://raw.githubusercontent.com/nickpet3rs/UNCODED/master/addons.xml</info>
			<checksum>https://raw.githubusercontent.com/nickpet3rs/UNCODED/master/addons.xml.md5</checksum>
			<datadir zip="true">https://raw.githubusercontent.com/nickpet3rs/UNCODED/master/</datadir>
		</dir>
	</extension>

	<extension point="xbmc.addon.repository" name="UNCODED -Repository">
		<info compressed="false">http://raw.uncoded.tv/master/addons.xml</info>
		<checksum>http://raw.uncoded.tv/master/addons.xml.md5</checksum>
		<datadir zip="true">http://raw.uncoded.tv/master/</datadir>	
	</extension>

	<extension point="xbmc.addon.metadata">

		<summary>[B][COLOR darkorange]UNCODED[/COLOR][/B] [COLOR ghostwhite]-Installer[/COLOR]</summary>
		<description>UNCODED is the new succesor when it comes to a one stop shop for all your favorite KODI addons and repositories.</description>
		<source>https://uncoded.tv</source>
		<platform>all</platform>
	</extension>
</addon>
