<?xml version="1.0" encoding="UTF-8" standalone="yes"?>
<addon 
	id="plugin.program.UNCODED" 
	version="1.0.6" 
	name="[COLOR darkorange]UNCODED[/COLOR] [COLOR ghostwhite]-Installer[/COLOR]" 
	provider-name="[COLOR darkgrey]nickpet3rs[/COLOR]">
    <requires>
        <import addon="xbmc.python" version="2.1.0"/>
        <import addon="repository.UNCODED" version="1.0.6" />
    </requires>

    <extension point="xbmc.python.pluginsource" library="default.py">
        <provides>executable</provides>
    </extension>

    <extension point="xbmc.service" library="startup.py" start="startup" />
    <extension point="xbmc.addon.metadata">

    <summary lang="en">[COLOR darkorange]UNCODED[/COLOR] [COLOR ghostwhite]-Installer[/COLOR]</summary>
        <description lang="en">UNCODED is the new succesor, your one stop shop for KODI to get the most favorited add-ons and repositories</description>
            <disclaimer lang="en">[COLOR darkorange]UNCODED[/COLOR] did not make all the add-ons in UNCODED repository and is in no way responsible for their content.</disclaimer>
    <platform>all</platform>
    <source>https://github.com/nickpet3rs/UNCODED/blob/master/repository.UNCODED/</source>
    <email>admin@uncoded.tv</email>
    <news>One stop shop for your favorite KODI add-ons and repositories</news>
        <assets>
            <icon>icon.png</icon>
            <fanart>fanart.jpg</fanart>
            <screenshot>resources/art/screenshots/2.jpg</screenshot>
            <screenshot>resources/art/screenshots/3.jpg</screenshot>
            <screenshot>resources/art/screenshots/4.jpg</screenshot>
            <screenshot>resources/art/screenshots/5.jpg</screenshot>
            <screenshot>resources/art/screenshots/6.jpg</screenshot>
            <screenshot>resources/art/screenshots/7.jpg</screenshot>
            <screenshot>resources/art/screenshots/1.jpg</screenshot>
	   </assets>
    </extension>
</addon>